metric,value
RMSE,130.92856857648056
R2,0.41093178401760544
